{
    "chunk_compression": null,
    "dtype": "float32",
    "hidden": false,
    "htype": "embedding",
    "is_link": false,
    "is_sequence": false,
    "length": 10,
    "links": {
        "_embedding_shape": {
            "extend": "extend_shape",
            "flatten_sequence": true,
            "update": "update_shape"
        }
    },
    "max_chunk_size": 64000000,
    "max_shape": [
        1536
    ],
    "min_shape": [
        1536
    ],
    "name": "embedding",
    "sample_compression": null,
    "tiling_threshold": null,
    "typestr": null,
    "verify": true,
    "version": "3.6.26"
}